<?xml version="1.0" encoding="utf-8" standalone="no" ?>
<trailerAssistGlobals>
	<defaultMode      type="float"  value="0" />
	<minMode          type="float"  value="1" />
	<maxMode          type="float"  value="2" />
	<minJointRotLimit type="degree" value="0.1" />
	<steeringFactor1  type="float"  value="3.0" />
	<steeringFactor2  type="float"  value="0.0" />
	<steeringSpeed    type="float"  value="2.0" />
	<rotScale         type="float"  value="1.0" />
	<worldScale       type="degree" value="90" />
	<minWorldScale    type="degree" value="10" />
	<autoRotateBack   type="float"  value="0.1" />
	<steeringSpeed    type="float"  value="2" />
	<minSteeringSpeed type="float"  value="0.5" />
	<maxSumDtCalc     type="float"  value="1000" />
	<maxSumDtDisp     type="float"  value="200" />
	<speedLimit       type="float"  value="10" />
	<maxToolDegrees   type="degree" value="60" />
	<maxWorldRatio    type="float"  value="0.75" />
	<invertReverse    type="bool"   value="true" />
	<debug            type="bool"   value="false" />
	<xPosCenter       type="float"  value="0.5" />
	<yPosTop          type="float"  value="0.97" />
	<textSize         type="float"  value="0.03" />
</trailerAssistGlobals>